縣市,年度,服務類別,CMS 等級,性別,人數
新北市,2021,營養餐飲服務,總計,合計,746
新北市,2021,營養餐飲服務,總計,男,427
新北市,2021,營養餐飲服務,總計,女,319
新北市,2021,營養餐飲服務,第2級,合計,236
新北市,2021,營養餐飲服務,第2級,男,135
新北市,2021,營養餐飲服務,第2級,女,101
新北市,2021,營養餐飲服務,第3級,合計,131
新北市,2021,營養餐飲服務,第3級,男,89
新北市,2021,營養餐飲服務,第3級,女,42
新北市,2021,營養餐飲服務,第4級,合計,179
新北市,2021,營養餐飲服務,第4級,男,91
新北市,2021,營養餐飲服務,第4級,女,88
新北市,2021,營養餐飲服務,第5級,合計,89
新北市,2021,營養餐飲服務,第5級,男,51
新北市,2021,營養餐飲服務,第5級,女,38
新北市,2021,營養餐飲服務,第6級,合計,51
新北市,2021,營養餐飲服務,第6級,男,28
新北市,2021,營養餐飲服務,第6級,女,23
新北市,2021,營養餐飲服務,第7級,合計,37
新北市,2021,營養餐飲服務,第7級,男,19
新北市,2021,營養餐飲服務,第7級,女,18
新北市,2021,營養餐飲服務,第8級,合計,23
新北市,2021,營養餐飲服務,第8級,男,14
新北市,2021,營養餐飲服務,第8級,女,9
新北市,2022,營養餐飲服務,總計,合計,814
新北市,2022,營養餐飲服務,總計,男,457
新北市,2022,營養餐飲服務,總計,女,357
新北市,2022,營養餐飲服務,第2級,合計,248
新北市,2022,營養餐飲服務,第2級,男,149
新北市,2022,營養餐飲服務,第2級,女,99
新北市,2022,營養餐飲服務,第3級,合計,159
新北市,2022,營養餐飲服務,第3級,男,100
新北市,2022,營養餐飲服務,第3級,女,59
新北市,2022,營養餐飲服務,第4級,合計,173
新北市,2022,營養餐飲服務,第4級,男,87
新北市,2022,營養餐飲服務,第4級,女,86
新北市,2022,營養餐飲服務,第5級,合計,95
新北市,2022,營養餐飲服務,第5級,男,50
新北市,2022,營養餐飲服務,第5級,女,45
新北市,2022,營養餐飲服務,第6級,合計,60
新北市,2022,營養餐飲服務,第6級,男,26
新北市,2022,營養餐飲服務,第6級,女,34
新北市,2022,營養餐飲服務,第7級,合計,46
新北市,2022,營養餐飲服務,第7級,男,25
新北市,2022,營養餐飲服務,第7級,女,21
新北市,2022,營養餐飲服務,第8級,合計,33
新北市,2022,營養餐飲服務,第8級,男,20
新北市,2022,營養餐飲服務,第8級,女,13
新北市,2023,營養餐飲服務,總計,合計,705
新北市,2023,營養餐飲服務,總計,男,407
新北市,2023,營養餐飲服務,總計,女,298
新北市,2023,營養餐飲服務,第2級,合計,217
新北市,2023,營養餐飲服務,第2級,男,136
新北市,2023,營養餐飲服務,第2級,女,81
新北市,2023,營養餐飲服務,第3級,合計,136
新北市,2023,營養餐飲服務,第3級,男,78
新北市,2023,營養餐飲服務,第3級,女,58
新北市,2023,營養餐飲服務,第4級,合計,164
新北市,2023,營養餐飲服務,第4級,男,91
新北市,2023,營養餐飲服務,第4級,女,73
新北市,2023,營養餐飲服務,第5級,合計,78
新北市,2023,營養餐飲服務,第5級,男,43
新北市,2023,營養餐飲服務,第5級,女,35
新北市,2023,營養餐飲服務,第6級,合計,49
新北市,2023,營養餐飲服務,第6級,男,26
新北市,2023,營養餐飲服務,第6級,女,23
新北市,2023,營養餐飲服務,第7級,合計,30
新北市,2023,營養餐飲服務,第7級,男,15
新北市,2023,營養餐飲服務,第7級,女,15
新北市,2023,營養餐飲服務,第8級,合計,31
新北市,2023,營養餐飲服務,第8級,男,18
新北市,2023,營養餐飲服務,第8級,女,13
新北市,2024,營養餐飲服務,總計,合計,561
新北市,2024,營養餐飲服務,總計,男,328
新北市,2024,營養餐飲服務,總計,女,233
新北市,2024,營養餐飲服務,第2級,合計,167
新北市,2024,營養餐飲服務,第2級,男,100
新北市,2024,營養餐飲服務,第2級,女,67
新北市,2024,營養餐飲服務,第3級,合計,110
新北市,2024,營養餐飲服務,第3級,男,71
新北市,2024,營養餐飲服務,第3級,女,39
新北市,2024,營養餐飲服務,第4級,合計,125
新北市,2024,營養餐飲服務,第4級,男,73
新北市,2024,營養餐飲服務,第4級,女,52
新北市,2024,營養餐飲服務,第5級,合計,61
新北市,2024,營養餐飲服務,第5級,男,35
新北市,2024,營養餐飲服務,第5級,女,26
新北市,2024,營養餐飲服務,第6級,合計,37
新北市,2024,營養餐飲服務,第6級,男,21
新北市,2024,營養餐飲服務,第6級,女,16
新北市,2024,營養餐飲服務,第7級,合計,32
新北市,2024,營養餐飲服務,第7級,男,17
新北市,2024,營養餐飲服務,第7級,女,15
新北市,2024,營養餐飲服務,第8級,合計,29
新北市,2024,營養餐飲服務,第8級,男,11
新北市,2024,營養餐飲服務,第8級,女,18
臺北市,2021,營養餐飲服務,總計,合計,1068
臺北市,2021,營養餐飲服務,總計,男,620
臺北市,2021,營養餐飲服務,總計,女,448
臺北市,2021,營養餐飲服務,第2級,合計,237
臺北市,2021,營養餐飲服務,第2級,男,146
臺北市,2021,營養餐飲服務,第2級,女,91
臺北市,2021,營養餐飲服務,第3級,合計,185
臺北市,2021,營養餐飲服務,第3級,男,101
臺北市,2021,營養餐飲服務,第3級,女,84
臺北市,2021,營養餐飲服務,第4級,合計,314
臺北市,2021,營養餐飲服務,第4級,男,187
臺北市,2021,營養餐飲服務,第4級,女,127
臺北市,2021,營養餐飲服務,第5級,合計,116
臺北市,2021,營養餐飲服務,第5級,男,73
臺北市,2021,營養餐飲服務,第5級,女,43
臺北市,2021,營養餐飲服務,第6級,合計,75
臺北市,2021,營養餐飲服務,第6級,男,37
臺北市,2021,營養餐飲服務,第6級,女,38
臺北市,2021,營養餐飲服務,第7級,合計,83
臺北市,2021,營養餐飲服務,第7級,男,46
臺北市,2021,營養餐飲服務,第7級,女,37
臺北市,2021,營養餐飲服務,第8級,合計,58
臺北市,2021,營養餐飲服務,第8級,男,30
臺北市,2021,營養餐飲服務,第8級,女,28
臺北市,2022,營養餐飲服務,總計,合計,1787
臺北市,2022,營養餐飲服務,總計,男,845
臺北市,2022,營養餐飲服務,總計,女,942
臺北市,2022,營養餐飲服務,第2級,合計,373
臺北市,2022,營養餐飲服務,第2級,男,181
臺北市,2022,營養餐飲服務,第2級,女,192
臺北市,2022,營養餐飲服務,第3級,合計,370
臺北市,2022,營養餐飲服務,第3級,男,167
臺北市,2022,營養餐飲服務,第3級,女,203
臺北市,2022,營養餐飲服務,第4級,合計,497
臺北市,2022,營養餐飲服務,第4級,男,233
臺北市,2022,營養餐飲服務,第4級,女,264
臺北市,2022,營養餐飲服務,第5級,合計,215
臺北市,2022,營養餐飲服務,第5級,男,109
臺北市,2022,營養餐飲服務,第5級,女,106
臺北市,2022,營養餐飲服務,第6級,合計,114
臺北市,2022,營養餐飲服務,第6級,男,50
臺北市,2022,營養餐飲服務,第6級,女,64
臺北市,2022,營養餐飲服務,第7級,合計,133
臺北市,2022,營養餐飲服務,第7級,男,65
臺北市,2022,營養餐飲服務,第7級,女,68
臺北市,2022,營養餐飲服務,第8級,合計,85
臺北市,2022,營養餐飲服務,第8級,男,40
臺北市,2022,營養餐飲服務,第8級,女,45
臺北市,2023,營養餐飲服務,總計,合計,1788
臺北市,2023,營養餐飲服務,總計,男,883
臺北市,2023,營養餐飲服務,總計,女,905
臺北市,2023,營養餐飲服務,第2級,合計,395
臺北市,2023,營養餐飲服務,第2級,男,192
臺北市,2023,營養餐飲服務,第2級,女,203
臺北市,2023,營養餐飲服務,第3級,合計,349
臺北市,2023,營養餐飲服務,第3級,男,159
臺北市,2023,營養餐飲服務,第3級,女,190
臺北市,2023,營養餐飲服務,第4級,合計,486
臺北市,2023,營養餐飲服務,第4級,男,236
臺北市,2023,營養餐飲服務,第4級,女,250
臺北市,2023,營養餐飲服務,第5級,合計,220
臺北市,2023,營養餐飲服務,第5級,男,118
臺北市,2023,營養餐飲服務,第5級,女,102
臺北市,2023,營養餐飲服務,第6級,合計,124
臺北市,2023,營養餐飲服務,第6級,男,69
臺北市,2023,營養餐飲服務,第6級,女,55
臺北市,2023,營養餐飲服務,第7級,合計,134
臺北市,2023,營養餐飲服務,第7級,男,73
臺北市,2023,營養餐飲服務,第7級,女,61
臺北市,2023,營養餐飲服務,第8級,合計,80
臺北市,2023,營養餐飲服務,第8級,男,36
臺北市,2023,營養餐飲服務,第8級,女,44
臺北市,2024,營養餐飲服務,總計,合計,1653
臺北市,2024,營養餐飲服務,總計,男,849
臺北市,2024,營養餐飲服務,總計,女,804
臺北市,2024,營養餐飲服務,第2級,合計,374
臺北市,2024,營養餐飲服務,第2級,男,188
臺北市,2024,營養餐飲服務,第2級,女,186
臺北市,2024,營養餐飲服務,第3級,合計,343
臺北市,2024,營養餐飲服務,第3級,男,180
臺北市,2024,營養餐飲服務,第3級,女,163
臺北市,2024,營養餐飲服務,第4級,合計,438
臺北市,2024,營養餐飲服務,第4級,男,231
臺北市,2024,營養餐飲服務,第4級,女,207
臺北市,2024,營養餐飲服務,第5級,合計,213
臺北市,2024,營養餐飲服務,第5級,男,107
臺北市,2024,營養餐飲服務,第5級,女,106
臺北市,2024,營養餐飲服務,第6級,合計,104
臺北市,2024,營養餐飲服務,第6級,男,57
臺北市,2024,營養餐飲服務,第6級,女,47
臺北市,2024,營養餐飲服務,第7級,合計,111
臺北市,2024,營養餐飲服務,第7級,男,48
臺北市,2024,營養餐飲服務,第7級,女,63
臺北市,2024,營養餐飲服務,第8級,合計,70
臺北市,2024,營養餐飲服務,第8級,男,38
臺北市,2024,營養餐飲服務,第8級,女,32
