年度,服務類別,服務子類別,CMS 等級,性別,人數
2021,照顧服務,人次總計,第2級,男,1708
2021,照顧服務,人次總計,第2級,女,3186
2021,照顧服務,人次總計,第3級,男,1875
2021,照顧服務,人次總計,第3級,女,3127
2021,照顧服務,人次總計,第4級,男,2835
2021,照顧服務,人次總計,第4級,女,3654
2021,照顧服務,人次總計,第5級,男,2464
2021,照顧服務,人次總計,第5級,女,2641
2021,照顧服務,人次總計,第6級,男,1693
2021,照顧服務,人次總計,第6級,女,1977
2021,照顧服務,人次總計,第7級,男,1326
2021,照顧服務,人次總計,第7級,女,1536
2021,照顧服務,人次總計,第8級,男,1457
2021,照顧服務,人次總計,第8級,女,1519
2021,照顧服務,居家服務,第2級,男,1645
2021,照顧服務,居家服務,第2級,女,3012
2021,照顧服務,居家服務,第3級,男,1810
2021,照顧服務,居家服務,第3級,女,2973
2021,照顧服務,居家服務,第4級,男,2720
2021,照顧服務,居家服務,第4級,女,3417
2021,照顧服務,居家服務,第5級,男,2358
2021,照顧服務,居家服務,第5級,女,2467
2021,照顧服務,居家服務,第6級,男,1604
2021,照顧服務,居家服務,第6級,女,1825
2021,照顧服務,居家服務,第7級,男,1320
2021,照顧服務,居家服務,第7級,女,1521
2021,照顧服務,居家服務,第8級,男,1449
2021,照顧服務,居家服務,第8級,女,1512
2021,照顧服務,日間照顧服務,第2級,男,82
2021,照顧服務,日間照顧服務,第2級,女,232
2021,照顧服務,日間照顧服務,第3級,男,106
2021,照顧服務,日間照顧服務,第3級,女,247
2021,照顧服務,日間照顧服務,第4級,男,184
2021,照顧服務,日間照顧服務,第4級,女,388
2021,照顧服務,日間照顧服務,第5級,男,163
2021,照顧服務,日間照顧服務,第5級,女,269
2021,照顧服務,日間照顧服務,第6級,男,160
2021,照顧服務,日間照顧服務,第6級,女,257
2021,照顧服務,日間照顧服務,第7級,男,25
2021,照顧服務,日間照顧服務,第7級,女,43
2021,照顧服務,日間照顧服務,第8級,男,15
2021,照顧服務,日間照顧服務,第8級,女,22
2021,照顧服務,家庭托顧,第2級,男,1
2021,照顧服務,家庭托顧,第2級,女,0
2021,照顧服務,家庭托顧,第3級,男,0
2021,照顧服務,家庭托顧,第3級,女,2
2021,照顧服務,家庭托顧,第4級,男,1
2021,照顧服務,家庭托顧,第4級,女,6
2021,照顧服務,家庭托顧,第5級,男,2
2021,照顧服務,家庭托顧,第5級,女,6
2021,照顧服務,家庭托顧,第6級,男,7
2021,照顧服務,家庭托顧,第6級,女,10
2021,照顧服務,家庭托顧,第7級,男,3
2021,照顧服務,家庭托顧,第7級,女,5
2021,照顧服務,家庭托顧,第8級,男,0
2021,照顧服務,家庭托顧,第8級,女,2
2022,照顧服務,人次總計,第2級,男,2189
2022,照顧服務,人次總計,第2級,女,4039
2022,照顧服務,人次總計,第3級,男,2485
2022,照顧服務,人次總計,第3級,女,3963
2022,照顧服務,人次總計,第4級,男,3182
2022,照顧服務,人次總計,第4級,女,4330
2022,照顧服務,人次總計,第5級,男,2704
2022,照顧服務,人次總計,第5級,女,2912
2022,照顧服務,人次總計,第6級,男,1914
2022,照顧服務,人次總計,第6級,女,2223
2022,照顧服務,人次總計,第7級,男,1585
2022,照顧服務,人次總計,第7級,女,1890
2022,照顧服務,人次總計,第8級,男,1870
2022,照顧服務,人次總計,第8級,女,1921
2022,照顧服務,居家服務,第2級,男,2092
2022,照顧服務,居家服務,第2級,女,3785
2022,照顧服務,居家服務,第3級,男,2386
2022,照顧服務,居家服務,第3級,女,3723
2022,照顧服務,居家服務,第4級,男,3019
2022,照顧服務,居家服務,第4級,女,4008
2022,照顧服務,居家服務,第5級,男,2563
2022,照顧服務,居家服務,第5級,女,2723
2022,照顧服務,居家服務,第6級,男,1812
2022,照顧服務,居家服務,第6級,女,2028
2022,照顧服務,居家服務,第7級,男,1572
2022,照顧服務,居家服務,第7級,女,1865
2022,照顧服務,居家服務,第8級,男,1865
2022,照顧服務,居家服務,第8級,女,1910
2022,照顧服務,日間照顧服務,第2級,男,133
2022,照顧服務,日間照顧服務,第2級,女,353
2022,照顧服務,日間照顧服務,第3級,男,162
2022,照顧服務,日間照顧服務,第3級,女,391
2022,照顧服務,日間照顧服務,第4級,男,248
2022,照顧服務,日間照顧服務,第4級,女,487
2022,照顧服務,日間照顧服務,第5級,男,214
2022,照顧服務,日間照顧服務,第5級,女,288
2022,照顧服務,日間照顧服務,第6級,男,182
2022,照顧服務,日間照顧服務,第6級,女,324
2022,照顧服務,日間照顧服務,第7級,男,30
2022,照顧服務,日間照顧服務,第7級,女,51
2022,照顧服務,日間照顧服務,第8級,男,15
2022,照顧服務,日間照顧服務,第8級,女,26
2022,照顧服務,家庭托顧,第2級,男,2
2022,照顧服務,家庭托顧,第2級,女,0
2022,照顧服務,家庭托顧,第3級,男,1
2022,照顧服務,家庭托顧,第3級,女,1
2022,照顧服務,家庭托顧,第4級,男,2
2022,照顧服務,家庭托顧,第4級,女,6
2022,照顧服務,家庭托顧,第5級,男,1
2022,照顧服務,家庭托顧,第5級,女,5
2022,照顧服務,家庭托顧,第6級,男,3
2022,照顧服務,家庭托顧,第6級,女,9
2022,照顧服務,家庭托顧,第7級,男,5
2022,照顧服務,家庭托顧,第7級,女,7
2022,照顧服務,家庭托顧,第8級,男,1
2022,照顧服務,家庭托顧,第8級,女,3
2023,照顧服務,人次總計,第2級,男,2822
2023,照顧服務,人次總計,第2級,女,5215
2023,照顧服務,人次總計,第3級,男,3379
2023,照顧服務,人次總計,第3級,女,5321
2023,照顧服務,人次總計,第4級,男,3710
2023,照顧服務,人次總計,第4級,女,4986
2023,照顧服務,人次總計,第5級,男,3022
2023,照顧服務,人次總計,第5級,女,3247
2023,照顧服務,人次總計,第6級,男,1889
2023,照顧服務,人次總計,第6級,女,2297
2023,照顧服務,人次總計,第7級,男,1822
2023,照顧服務,人次總計,第7級,女,2091
2023,照顧服務,人次總計,第8級,男,1990
2023,照顧服務,人次總計,第8級,女,2281
2023,照顧服務,居家服務,第2級,男,2703
2023,照顧服務,居家服務,第2級,女,4887
2023,照顧服務,居家服務,第3級,男,3201
2023,照顧服務,居家服務,第3級,女,4958
2023,照顧服務,居家服務,第4級,男,3503
2023,照顧服務,居家服務,第4級,女,4592
2023,照顧服務,居家服務,第5級,男,2856
2023,照顧服務,居家服務,第5級,女,3040
2023,照顧服務,居家服務,第6級,男,1765
2023,照顧服務,居家服務,第6級,女,2087
2023,照顧服務,居家服務,第7級,男,1805
2023,照顧服務,居家服務,第7級,女,2069
2023,照顧服務,居家服務,第8級,男,1984
2023,照顧服務,居家服務,第8級,女,2265
2023,照顧服務,日間照顧服務,第2級,男,182
2023,照顧服務,日間照顧服務,第2級,女,469
2023,照顧服務,日間照顧服務,第3級,男,279
2023,照顧服務,日間照顧服務,第3級,女,588
2023,照顧服務,日間照顧服務,第4級,男,343
2023,照顧服務,日間照顧服務,第4級,女,657
2023,照顧服務,日間照顧服務,第5級,男,285
2023,照顧服務,日間照顧服務,第5級,女,351
2023,照顧服務,日間照顧服務,第6級,男,233
2023,照顧服務,日間照顧服務,第6級,女,390
2023,照顧服務,日間照顧服務,第7級,男,51
2023,照顧服務,日間照顧服務,第7級,女,86
2023,照顧服務,日間照顧服務,第8級,男,30
2023,照顧服務,日間照顧服務,第8級,女,33
2023,照顧服務,家庭托顧,第2級,男,1
2023,照顧服務,家庭托顧,第2級,女,1
2023,照顧服務,家庭托顧,第3級,男,1
2023,照顧服務,家庭托顧,第3級,女,2
2023,照顧服務,家庭托顧,第4級,男,1
2023,照顧服務,家庭托顧,第4級,女,6
2023,照顧服務,家庭托顧,第5級,男,1
2023,照顧服務,家庭托顧,第5級,女,6
2023,照顧服務,家庭托顧,第6級,男,5
2023,照顧服務,家庭托顧,第6級,女,8
2023,照顧服務,家庭托顧,第7級,男,3
2023,照顧服務,家庭托顧,第7級,女,5
2023,照顧服務,家庭托顧,第8級,男,0
2023,照顧服務,家庭托顧,第8級,女,5
2024,照顧服務,人次總計,第2級,男,3375
2024,照顧服務,人次總計,第2級,女,6264
2024,照顧服務,人次總計,第3級,男,4114
2024,照顧服務,人次總計,第3級,女,6573
2024,照顧服務,人次總計,第4級,男,4212
2024,照顧服務,人次總計,第4級,女,5851
2024,照顧服務,人次總計,第5級,男,3243
2024,照顧服務,人次總計,第5級,女,3504
2024,照顧服務,人次總計,第6級,男,2022
2024,照顧服務,人次總計,第6級,女,2332
2024,照顧服務,人次總計,第7級,男,1794
2024,照顧服務,人次總計,第7級,女,2180
2024,照顧服務,人次總計,第8級,男,1994
2024,照顧服務,人次總計,第8級,女,2371
2024,照顧服務,居家服務,第2級,男,3224
2024,照顧服務,居家服務,第2級,女,5887
2024,照顧服務,居家服務,第3級,男,3883
2024,照顧服務,居家服務,第3級,女,6077
2024,照顧服務,居家服務,第4級,男,3963
2024,照顧服務,居家服務,第4級,女,5375
2024,照顧服務,居家服務,第5級,男,3062
2024,照顧服務,居家服務,第5級,女,3271
2024,照顧服務,居家服務,第6級,男,1860
2024,照顧服務,居家服務,第6級,女,2073
2024,照顧服務,居家服務,第7級,男,1773
2024,照顧服務,居家服務,第7級,女,2143
2024,照顧服務,居家服務,第8級,男,1980
2024,照顧服務,居家服務,第8級,女,2353
2024,照顧服務,日間照顧服務,第2級,男,225
2024,照顧服務,日間照顧服務,第2級,女,555
2024,照顧服務,日間照顧服務,第3級,男,375
2024,照顧服務,日間照顧服務,第3級,女,771
2024,照顧服務,日間照顧服務,第4級,男,404
2024,照顧服務,日間照顧服務,第4級,女,825
2024,照顧服務,日間照顧服務,第5級,男,325
2024,照顧服務,日間照顧服務,第5級,女,404
2024,照顧服務,日間照顧服務,第6級,男,304
2024,照顧服務,日間照顧服務,第6級,女,448
2024,照顧服務,日間照顧服務,第7級,男,59
2024,照顧服務,日間照顧服務,第7級,女,110
2024,照顧服務,日間照顧服務,第8級,男,31
2024,照顧服務,日間照顧服務,第8級,女,42
2024,照顧服務,家庭托顧,第2級,男,0
2024,照顧服務,家庭托顧,第2級,女,0
2024,照顧服務,家庭托顧,第3級,男,1
2024,照顧服務,家庭托顧,第3級,女,0
2024,照顧服務,家庭托顧,第4級,男,0
2024,照顧服務,家庭托顧,第4級,女,4
2024,照顧服務,家庭托顧,第5級,男,1
2024,照顧服務,家庭托顧,第5級,女,3
2024,照顧服務,家庭托顧,第6級,男,6
2024,照顧服務,家庭托顧,第6級,女,6
2024,照顧服務,家庭托顧,第7級,男,0
2024,照顧服務,家庭托顧,第7級,女,5
2024,照顧服務,家庭托顧,第8級,男,3
2024,照顧服務,家庭托顧,第8級,女,8
2021,營養餐飲服務,,第2級,男,135
2021,營養餐飲服務,,第2級,女,101
2021,營養餐飲服務,,第3級,男,89
2021,營養餐飲服務,,第3級,女,42
2021,營養餐飲服務,,第4級,男,91
2021,營養餐飲服務,,第4級,女,88
2021,營養餐飲服務,,第5級,男,51
2021,營養餐飲服務,,第5級,女,38
2021,營養餐飲服務,,第6級,男,28
2021,營養餐飲服務,,第6級,女,23
2021,營養餐飲服務,,第7級,男,19
2021,營養餐飲服務,,第7級,女,18
2021,營養餐飲服務,,第8級,男,14
2021,營養餐飲服務,,第8級,女,9
2022,營養餐飲服務,,第2級,男,149
2022,營養餐飲服務,,第2級,女,99
2022,營養餐飲服務,,第3級,男,100
2022,營養餐飲服務,,第3級,女,59
2022,營養餐飲服務,,第4級,男,87
2022,營養餐飲服務,,第4級,女,86
2022,營養餐飲服務,,第5級,男,50
2022,營養餐飲服務,,第5級,女,45
2022,營養餐飲服務,,第6級,男,26
2022,營養餐飲服務,,第6級,女,34
2022,營養餐飲服務,,第7級,男,25
2022,營養餐飲服務,,第7級,女,21
2022,營養餐飲服務,,第8級,男,20
2022,營養餐飲服務,,第8級,女,13
2023,營養餐飲服務,,第2級,男,136
2023,營養餐飲服務,,第2級,女,81
2023,營養餐飲服務,,第3級,男,78
2023,營養餐飲服務,,第3級,女,58
2023,營養餐飲服務,,第4級,男,91
2023,營養餐飲服務,,第4級,女,73
2023,營養餐飲服務,,第5級,男,43
2023,營養餐飲服務,,第5級,女,35
2023,營養餐飲服務,,第6級,男,26
2023,營養餐飲服務,,第6級,女,23
2023,營養餐飲服務,,第7級,男,15
2023,營養餐飲服務,,第7級,女,15
2023,營養餐飲服務,,第8級,男,18
2023,營養餐飲服務,,第8級,女,13
2024,營養餐飲服務,,第2級,男,100
2024,營養餐飲服務,,第2級,女,67
2024,營養餐飲服務,,第3級,男,71
2024,營養餐飲服務,,第3級,女,39
2024,營養餐飲服務,,第4級,男,73
2024,營養餐飲服務,,第4級,女,52
2024,營養餐飲服務,,第5級,男,35
2024,營養餐飲服務,,第5級,女,26
2024,營養餐飲服務,,第6級,男,21
2024,營養餐飲服務,,第6級,女,16
2024,營養餐飲服務,,第7級,男,17
2024,營養餐飲服務,,第7級,女,15
2024,營養餐飲服務,,第8級,男,11
2024,營養餐飲服務,,第8級,女,18
2021,交通接送服務,,第2級,男,130
2021,交通接送服務,,第2級,女,193
2021,交通接送服務,,第3級,男,200
2021,交通接送服務,,第3級,女,278
2021,交通接送服務,,第4級,男,2934
2021,交通接送服務,,第4級,女,3556
2021,交通接送服務,,第5級,男,2718
2021,交通接送服務,,第5級,女,2750
2021,交通接送服務,,第6級,男,1883
2021,交通接送服務,,第6級,女,2084
2021,交通接送服務,,第7級,男,1811
2021,交通接送服務,,第7級,女,2157
2021,交通接送服務,,第8級,男,2194
2021,交通接送服務,,第8級,女,2468
2022,交通接送服務,,第2級,男,1866
2022,交通接送服務,,第2級,女,3069
2022,交通接送服務,,第3級,男,2295
2022,交通接送服務,,第3級,女,3252
2022,交通接送服務,,第4級,男,3368
2022,交通接送服務,,第4級,女,4200
2022,交通接送服務,,第5級,男,2989
2022,交通接送服務,,第5級,女,3178
2022,交通接送服務,,第6級,男,2030
2022,交通接送服務,,第6級,女,2379
2022,交通接送服務,,第7級,男,2028
2022,交通接送服務,,第7級,女,2420
2022,交通接送服務,,第8級,男,2483
2022,交通接送服務,,第8級,女,2824
2023,交通接送服務,,第2級,男,2635
2023,交通接送服務,,第2級,女,4352
2023,交通接送服務,,第3級,男,3387
2023,交通接送服務,,第3級,女,4754
2023,交通接送服務,,第4級,男,3942
2023,交通接送服務,,第4級,女,4916
2023,交通接送服務,,第5級,男,3392
2023,交通接送服務,,第5級,女,3613
2023,交通接送服務,,第6級,男,2031
2023,交通接送服務,,第6級,女,2519
2023,交通接送服務,,第7級,男,2337
2023,交通接送服務,,第7級,女,2770
2023,交通接送服務,,第8級,男,2689
2023,交通接送服務,,第8級,女,3204
2024,交通接送服務,,第2級,男,3071
2024,交通接送服務,,第2級,女,5156
2024,交通接送服務,,第3級,男,4031
2024,交通接送服務,,第3級,女,5783
2024,交通接送服務,,第4級,男,4366
2024,交通接送服務,,第4級,女,5601
2024,交通接送服務,,第5級,男,3565
2024,交通接送服務,,第5級,女,3962
2024,交通接送服務,,第6級,男,2134
2024,交通接送服務,,第6級,女,2529
2024,交通接送服務,,第7級,男,2399
2024,交通接送服務,,第7級,女,2926
2024,交通接送服務,,第8級,男,2632
2024,交通接送服務,,第8級,女,3263
